<?xml version="1.0" encoding="UTF-8"?>
<GenRun Id="impl_1" LaunchPart="xc7z020clg484-1" LaunchTime="1638406926">
  <File Type="WBT-USG" Name="usage_statistics_webtalk.html"/>
  <File Type="BG-DRC" Name="multiplier.drc"/>
  <File Type="BG-BGN" Name="multiplier.bgn"/>
  <File Type="BITSTR-SYSDEF" Name="multiplier.sysdef"/>
  <File Type="BITSTR-LTX" Name="debug_nets.ltx"/>
  <File Type="BITSTR-LTX" Name="multiplier.ltx"/>
  <File Type="BITSTR-MMI" Name="multiplier.mmi"/>
  <File Type="BITSTR-BMM" Name="multiplier_bd.bmm"/>
  <File Type="BITSTR-NKY" Name="multiplier.nky"/>
  <File Type="BITSTR-RBT" Name="multiplier.rbt"/>
  <File Type="BITSTR-MSK" Name="multiplier.msk"/>
  <File Type="BG-BIN" Name="multiplier.bin"/>
  <File Type="BG-BIT" Name="multiplier.bit"/>
  <File Type="POSTROUTE-PHYSOPT-BUS-SKEW-RPX" Name="multiplier_bus_skew_postroute_physopted.rpx"/>
  <File Type="POSTROUTE-PHYSOPT-BUS-SKEW-PB" Name="multiplier_bus_skew_postroute_physopted.pb"/>
  <File Type="POSTROUTE-PHYSOPT-BUS-SKEW" Name="multiplier_bus_skew_postroute_physopted.rpt"/>
  <File Type="RDI-RDI" Name="multiplier.vdi"/>
  <File Type="POSTROUTE-PHYSOPT-TIMING-RPX" Name="multiplier_timing_summary_postroute_physopted.rpx"/>
  <File Type="POSTROUTE-PHYSOPT-TIMING-PB" Name="multiplier_timing_summary_postroute_physopted.pb"/>
  <File Type="POSTROUTE-PHYSOPT-TIMING" Name="multiplier_timing_summary_postroute_physopted.rpt"/>
  <File Type="POSTROUTE-PHYSOPT-BLACKBOX-DCP" Name="multiplier_postroute_physopt_bb.dcp"/>
  <File Type="POSTROUTE-PHYSOPT-DCP" Name="multiplier_postroute_physopt.dcp"/>
  <File Type="ROUTE-BUS-SKEW" Name="multiplier_bus_skew_routed.rpt"/>
  <File Type="ROUTE-CLK" Name="multiplier_clock_utilization_routed.rpt"/>
  <File Type="ROUTE-SIMILARITY" Name="multiplier_incremental_reuse_routed.rpt"/>
  <File Type="ROUTE-TIMING-RPX" Name="multiplier_timing_summary_routed.rpx"/>
  <File Type="ROUTE-TIMING-PB" Name="multiplier_timing_summary_routed.pb"/>
  <File Type="ROUTE-TIMINGSUMMARY" Name="multiplier_timing_summary_routed.rpt"/>
  <File Type="ROUTE-STATUS-PB" Name="multiplier_route_status.pb"/>
  <File Type="ROUTE-STATUS" Name="multiplier_route_status.rpt"/>
  <File Type="ROUTE-PWR-RPX" Name="multiplier_power_routed.rpx"/>
  <File Type="ROUTE-PWR-SUM" Name="multiplier_power_summary_routed.pb"/>
  <File Type="ROUTE-PWR" Name="multiplier_power_routed.rpt"/>
  <File Type="ROUTE-METHODOLOGY-DRC-PB" Name="multiplier_methodology_drc_routed.pb"/>
  <File Type="ROUTE-METHODOLOGY-DRC-RPX" Name="multiplier_methodology_drc_routed.rpx"/>
  <File Type="ROUTE-METHODOLOGY-DRC" Name="multiplier_methodology_drc_routed.rpt"/>
  <File Type="ROUTE-DRC-RPX" Name="multiplier_drc_routed.rpx"/>
  <File Type="ROUTE-DRC-PB" Name="multiplier_drc_routed.pb"/>
  <File Type="ROUTE-DRC" Name="multiplier_drc_routed.rpt"/>
  <File Type="ROUTE-BLACKBOX-DCP" Name="multiplier_routed_bb.dcp"/>
  <File Type="ROUTE-DCP" Name="multiplier_routed.dcp"/>
  <File Type="ROUTE-ERROR-DCP" Name="multiplier_routed_error.dcp"/>
  <File Type="PHYSOPT-TIMING" Name="multiplier_timing_summary_physopted.rpt"/>
  <File Type="PHYSOPT-DRC" Name="multiplier_drc_physopted.rpt"/>
  <File Type="PHYSOPT-DCP" Name="multiplier_physopt.dcp"/>
  <File Type="POSTPLACE-PWROPT-TIMING" Name="multiplier_timing_summary_postplace_pwropted.rpt"/>
  <File Type="POSTPLACE-PWROPT-DCP" Name="multiplier_postplace_pwropt.dcp"/>
  <File Type="PLACE-TIMING" Name="multiplier_timing_summary_placed.rpt"/>
  <File Type="PLACE-PRE-SIMILARITY" Name="multiplier_incremental_reuse_pre_placed.rpt"/>
  <File Type="PLACE-SIMILARITY" Name="multiplier_incremental_reuse_placed.rpt"/>
  <File Type="PLACE-CTRL" Name="multiplier_control_sets_placed.rpt"/>
  <File Type="PLACE-UTIL-PB" Name="multiplier_utilization_placed.pb"/>
  <File Type="PLACE-UTIL" Name="multiplier_utilization_placed.rpt"/>
  <File Type="PLACE-CLK" Name="multiplier_clock_utilization_placed.rpt"/>
  <File Type="PLACE-IO" Name="multiplier_io_placed.rpt"/>
  <File Type="PLACE-DCP" Name="multiplier_placed.dcp"/>
  <File Type="PWROPT-TIMING" Name="multiplier_timing_summary_pwropted.rpt"/>
  <File Type="PWROPT-DRC" Name="multiplier_drc_pwropted.rpt"/>
  <File Type="PWROPT-DCP" Name="multiplier_pwropt.dcp"/>
  <File Type="OPT-TIMING" Name="multiplier_timing_summary_opted.rpt"/>
  <File Type="OPT-HWDEF" Name="multiplier.hwdef"/>
  <File Type="OPT-METHODOLOGY-DRC" Name="multiplier_methodology_drc_opted.rpt"/>
  <File Type="OPT-DRC" Name="multiplier_drc_opted.rpt"/>
  <File Type="OPT-DCP" Name="multiplier_opt.dcp"/>
  <File Type="INIT-TIMING" Name="multiplier_timing_summary_init.rpt"/>
  <File Type="ROUTE-BUS-SKEW-RPX" Name="multiplier_bus_skew_routed.rpx"/>
  <File Type="REPORTS-TCL" Name="multiplier_reports.tcl"/>
  <File Type="ROUTE-BUS-SKEW-PB" Name="multiplier_bus_skew_routed.pb"/>
  <File Type="PA-TCL" Name="multiplier.tcl"/>
  <FileSet Name="sources" Type="DesignSrcs" RelSrcDir="$PSRCDIR/sources_1">
    <Filter Type="Srcs"/>
    <File Path="$PSRCDIR/sources_1/new/multiplier.v">
      <FileInfo>
        <Attr Name="UsedIn" Val="synthesis"/>
        <Attr Name="UsedIn" Val="implementation"/>
        <Attr Name="UsedIn" Val="simulation"/>
      </FileInfo>
    </File>
    <Config>
      <Option Name="DesignMode" Val="RTL"/>
      <Option Name="TopModule" Val="multiplier"/>
      <Option Name="TopAutoSet" Val="TRUE"/>
    </Config>
  </FileSet>
  <FileSet Name="constrs_in" Type="Constrs" RelSrcDir="$PSRCDIR/constrs_1">
    <Filter Type="Constrs"/>
    <File Path="$PSRCDIR/constrs_1/new/cnstr.xdc">
      <FileInfo>
        <Attr Name="UsedIn" Val="synthesis"/>
        <Attr Name="UsedIn" Val="implementation"/>
      </FileInfo>
    </File>
    <Config>
      <Option Name="ConstrsType" Val="XDC"/>
    </Config>
  </FileSet>
  <FileSet Name="utils" Type="Utils" RelSrcDir="$PSRCDIR/utils_1">
    <Filter Type="Utils"/>
    <Config>
      <Option Name="TopAutoSet" Val="TRUE"/>
    </Config>
  </FileSet>
  <Strategy Version="1" Minor="2">
    <StratHandle Name="Vivado Implementation Defaults" Flow="Vivado Implementation 2019"/>
    <Step Id="init_design"/>
    <Step Id="opt_design"/>
    <Step Id="power_opt_design"/>
    <Step Id="place_design"/>
    <Step Id="post_place_power_opt_design"/>
    <Step Id="phys_opt_design"/>
    <Step Id="route_design"/>
    <Step Id="post_route_phys_opt_design"/>
    <Step Id="write_bitstream"/>
  </Strategy>
</GenRun>
