<?xml version="1.0" encoding="UTF-8"?>
<GenRun Id="impl_1" LaunchPart="xc7z020clg484-1" LaunchTime="1638406126">
  <File Type="PA-TCL" Name="register.tcl"/>
  <File Type="ROUTE-BUS-SKEW-PB" Name="register_bus_skew_routed.pb"/>
  <File Type="REPORTS-TCL" Name="register_reports.tcl"/>
  <File Type="ROUTE-BUS-SKEW-RPX" Name="register_bus_skew_routed.rpx"/>
  <File Type="OPT-DCP" Name="register_opt.dcp"/>
  <File Type="OPT-DRC" Name="register_drc_opted.rpt"/>
  <File Type="OPT-HWDEF" Name="register.hwdef"/>
  <File Type="PWROPT-DCP" Name="register_pwropt.dcp"/>
  <File Type="PLACE-DCP" Name="register_placed.dcp"/>
  <File Type="PLACE-IO" Name="register_io_placed.rpt"/>
  <File Type="PLACE-UTIL" Name="register_utilization_placed.rpt"/>
  <File Type="PLACE-UTIL-PB" Name="register_utilization_placed.pb"/>
  <File Type="PLACE-CTRL" Name="register_control_sets_placed.rpt"/>
  <File Type="PLACE-PRE-SIMILARITY" Name="register_incremental_reuse_pre_placed.rpt"/>
  <File Type="POSTPLACE-PWROPT-DCP" Name="register_postplace_pwropt.dcp"/>
  <File Type="PHYSOPT-DCP" Name="register_physopt.dcp"/>
  <File Type="ROUTE-ERROR-DCP" Name="register_routed_error.dcp"/>
  <File Type="ROUTE-DCP" Name="register_routed.dcp"/>
  <File Type="ROUTE-BLACKBOX-DCP" Name="register_routed_bb.dcp"/>
  <File Type="ROUTE-DRC" Name="register_drc_routed.rpt"/>
  <File Type="ROUTE-DRC-PB" Name="register_drc_routed.pb"/>
  <File Type="BG-BIT" Name="register.bit"/>
  <File Type="ROUTE-STATUS-PB" Name="register_route_status.pb"/>
  <File Type="ROUTE-METHODOLOGY-DRC" Name="register_methodology_drc_routed.rpt"/>
  <File Type="BG-BIN" Name="register.bin"/>
  <File Type="ROUTE-TIMINGSUMMARY" Name="register_timing_summary_routed.rpt"/>
  <File Type="BITSTR-MSK" Name="register.msk"/>
  <File Type="ROUTE-TIMING-PB" Name="register_timing_summary_routed.pb"/>
  <File Type="BITSTR-RBT" Name="register.rbt"/>
  <File Type="ROUTE-TIMING-RPX" Name="register_timing_summary_routed.rpx"/>
  <File Type="BITSTR-NKY" Name="register.nky"/>
  <File Type="BITSTR-BMM" Name="register_bd.bmm"/>
  <File Type="ROUTE-CLK" Name="register_clock_utilization_routed.rpt"/>
  <File Type="BG-DRC" Name="register.drc"/>
  <File Type="ROUTE-METHODOLOGY-DRC-RPX" Name="register_methodology_drc_routed.rpx"/>
  <File Type="BITSTR-MMI" Name="register.mmi"/>
  <File Type="ROUTE-BUS-SKEW" Name="register_bus_skew_routed.rpt"/>
  <File Type="WBT-USG" Name="usage_statistics_webtalk.html"/>
  <File Type="BG-BGN" Name="register.bgn"/>
  <File Type="BITSTR-SYSDEF" Name="register.sysdef"/>
  <File Type="BITSTR-LTX" Name="register.ltx"/>
  <File Type="RDI-RDI" Name="register.vdi"/>
  <File Type="POSTROUTE-PHYSOPT-BLACKBOX-DCP" Name="register_postroute_physopt_bb.dcp"/>
  <File Type="POSTROUTE-PHYSOPT-DCP" Name="register_postroute_physopt.dcp"/>
  <File Type="ROUTE-STATUS" Name="register_route_status.rpt"/>
  <File Type="ROUTE-PWR-RPX" Name="register_power_routed.rpx"/>
  <File Type="ROUTE-PWR-SUM" Name="register_power_summary_routed.pb"/>
  <File Type="ROUTE-PWR" Name="register_power_routed.rpt"/>
  <File Type="ROUTE-METHODOLOGY-DRC-PB" Name="register_methodology_drc_routed.pb"/>
  <File Type="ROUTE-DRC-RPX" Name="register_drc_routed.rpx"/>
  <FileSet Name="sources" Type="DesignSrcs" RelSrcDir="$PSRCDIR/sources_1">
    <Filter Type="Srcs"/>
    <File Path="$PSRCDIR/sources_1/new/register.v">
      <FileInfo>
        <Attr Name="UsedIn" Val="synthesis"/>
        <Attr Name="UsedIn" Val="implementation"/>
        <Attr Name="UsedIn" Val="simulation"/>
      </FileInfo>
    </File>
    <Config>
      <Option Name="DesignMode" Val="RTL"/>
      <Option Name="TopModule" Val="register"/>
      <Option Name="TopAutoSet" Val="TRUE"/>
    </Config>
  </FileSet>
  <FileSet Name="constrs_in" Type="Constrs" RelSrcDir="$PSRCDIR/constrs_1">
    <Filter Type="Constrs"/>
    <File Path="$PSRCDIR/constrs_1/new/cnstr.xdc">
      <FileInfo>
        <Attr Name="UsedIn" Val="synthesis"/>
        <Attr Name="UsedIn" Val="implementation"/>
      </FileInfo>
    </File>
    <Config>
      <Option Name="ConstrsType" Val="XDC"/>
    </Config>
  </FileSet>
  <FileSet Name="utils" Type="Utils" RelSrcDir="$PSRCDIR/utils_1">
    <Filter Type="Utils"/>
    <Config>
      <Option Name="TopAutoSet" Val="TRUE"/>
    </Config>
  </FileSet>
  <Strategy Version="1" Minor="2">
    <StratHandle Name="Vivado Implementation Defaults" Flow="Vivado Implementation 2019"/>
    <Step Id="init_design"/>
    <Step Id="opt_design"/>
    <Step Id="power_opt_design"/>
    <Step Id="place_design"/>
    <Step Id="post_place_power_opt_design"/>
    <Step Id="phys_opt_design"/>
    <Step Id="route_design"/>
    <Step Id="post_route_phys_opt_design"/>
    <Step Id="write_bitstream"/>
  </Strategy>
</GenRun>
